id,name,domain,industry,employee_count,annual_revenue,location
1,Acmetech Inc,acmetech.com,Fintech,50,37206750.0,Pune
2,Betaworks Inc,betaworks.in,E-commerce,100,36955325.0,Bangalore
3,Clearstack Inc,clearstack.io,Telecom,500,2073243.0,Bangalore
4,Deltaforce Inc,deltaforce.co,E-commerce,100,25515087.0,Mumbai
5,Ecomsprint Inc,ecomsprint.com,Consulting,100,35942971.0,US
6,Finlabs Inc,finlabs.in,E-commerce,500,29668651.0,Mumbai
7,Growthloop Inc,growthloop.io,Healthcare,2000,21419413.0,Hyderabad
8,Hyperion Inc,hyperion.co,Healthcare,100,47882047.0,Chennai
9,Infoedge Inc,infoedge.com,Fintech,50,19306401.0,Chennai
10,Jetscale Inc,jetscale.in,Manufacturing,1000,13593783.0,Mumbai
11,Kinetiq Inc,kinetiq.io,Media,1000,6678895.0,US
12,Logicworks Inc,logicworks.co,Fintech,1000,15012325.0,Chennai
13,Metaverse Inc,metaverse.in,Telecom,100,35376306.0,Mumbai
14,Nexatech Inc,nexatech.io,E-commerce,5000,14824704.0,Bangalore
15,Omnilayer Inc,omnilayer.co,E-commerce,5000,5499571.0,Hyderabad
16,Prismdata Inc,prismdata.com,Media,2000,41788466.0,Delhi
17,Quantleap Inc,quantleap.in,Manufacturing,200,10870598.0,Hyderabad
18,Raptorx Inc,raptorx.io,Fintech,1000,31931425.0,Pune
19,Stratosai Inc,stratosai.co,Healthcare,500,19283044.0,Pune
20,Truepathsys Inc,truepathsys.com,Manufacturing,5000,38531522.0,Mumbai
21,Ultradev Inc,ultradev.in,E-commerce,5000,2088962.0,Chennai
22,Vantagepoint Inc,vantagepoint.io,Logistics,200,3776336.0,Chennai
23,Wavefront Inc,wavefront.co,E-commerce,2000,25211947.0,UK
24,Xeronova Inc,xeronova.com,Healthcare,200,7411701.0,Hyderabad
25,Yieldmax Inc,yieldmax.in,Telecom,500,44942233.0,US
26,Zenithops Inc,zenithops.io,Manufacturing,100,49867626.0,Delhi
27,Alphacloud Inc,alphacloud.co,Consulting,500,5000016.0,Mumbai
28,Brightspark Inc,brightspark.com,Fintech,100,31558579.0,US
29,Corelogic Inc,corelogic.in,Telecom,50,19545982.0,UK
30,Datavault Inc,datavault.io,Consulting,200,48568380.0,Mumbai
31,Edgeflux Inc,edgeflux.co,Fintech,2000,44297028.0,Hyderabad
32,Fusionware Inc,fusionware.com,Manufacturing,50,15028256.0,Delhi
33,Globecast Inc,globecast.in,Media,50,47713888.0,Hyderabad
34,Hexacore Inc,hexacore.io,Consulting,5000,9343268.0,Bangalore
35,Innov8 Inc,innov8.co,EdTech,5000,32128000.0,Pune
36,Junctionai Inc,junctionai.com,Healthcare,200,38244285.0,Mumbai
37,Keystone Inc,keystone.in,Telecom,200,24685983.0,Bangalore
38,Luminance Inc,luminance.io,Manufacturing,5000,40435353.0,Pune
39,Maplesoft Inc,maplesoft.co,SaaS,100,43961475.0,Bangalore
40,Novabridge Inc,novabridge.com,Fintech,2000,24556528.0,Bangalore
41,Orchidtech Inc,orchidtech.in,Consulting,5000,6725145.0,UK
42,Pulsenet Inc,pulsenet.io,Consulting,100,13620303.0,US
43,Qubitlabs Inc,qubitlabs.co,E-commerce,1000,37885627.0,Pune
44,Relaystack Inc,relaystack.com,EdTech,500,49759893.0,Chennai
45,Signalops Inc,signalops.in,Media,1000,22848564.0,Pune
46,Terraflow Inc,terraflow.io,E-commerce,50,17235235.0,Pune
47,Uplinkai Inc,uplinkai.co,Telecom,100,855947.0,Mumbai
48,Vertexsys Inc,vertexsys.com,E-commerce,50,45318291.0,Chennai
49,Windrose Inc,windrose.in,Fintech,1000,12281229.0,UK
50,Xyphorai Inc,xyphorai.io,E-commerce,1000,7049437.0,UK
